timeStamp,elapsed,label,responseCode,responseMessage,threadName,dataType,success,failureMessage,bytes,sentBytes,grpThreads,allThreads,URL,Latency,IdleTime,Connect
1781195998394,639,Request to get the existing repository details,200,OK,Github API Performance Testing 1-3,text,true,,7908,217,9,9,https://api.github.com/repos/bharathtechacademy05/JmeterRepo,633,0,245
1781195998312,734,Request to get the existing repository details,200,OK,Github API Performance Testing 1-2,text,true,,7908,217,9,9,https://api.github.com/repos/bharathtechacademy05/JmeterRepo,734,0,327
1781195998593,466,Request to get the existing repository details,200,OK,Github API Performance Testing 1-5,text,true,,7907,217,9,9,https://api.github.com/repos/bharathtechacademy05/JmeterRepo,465,0,78
1781195998494,580,Request to get the existing repository details,200,OK,Github API Performance Testing 1-4,text,true,,7907,217,9,9,https://api.github.com/repos/bharathtechacademy05/JmeterRepo,579,0,145
1781195998693,449,Request to get the existing repository details,200,OK,Github API Performance Testing 1-6,text,true,,7908,217,10,10,https://api.github.com/repos/bharathtechacademy05/JmeterRepo,449,0,79
1781195998312,856,Request to get the existing repository details,200,OK,Github API Performance Testing 1-1,text,true,,7908,217,10,10,https://api.github.com/repos/bharathtechacademy05/JmeterRepo,855,0,328
1781195998793,447,Request to get the existing repository details,200,OK,Github API Performance Testing 1-7,text,true,,7907,217,11,11,https://api.github.com/repos/bharathtechacademy05/JmeterRepo,446,0,71
1781195998893,477,Request to get the existing repository details,200,OK,Github API Performance Testing 1-8,text,true,,7907,217,12,12,https://api.github.com/repos/bharathtechacademy05/JmeterRepo,477,0,67
1781195998993,420,Request to get the existing repository details,200,OK,Github API Performance Testing 1-9,text,true,,7906,217,13,13,https://api.github.com/repos/bharathtechacademy05/JmeterRepo,420,0,75
1781195999092,439,Request to get the existing repository details,200,OK,Github API Performance Testing 1-10,text,true,,7906,217,14,14,https://api.github.com/repos/bharathtechacademy05/JmeterRepo,438,0,68
1781195999047,515,Request to update the existing repository details,200,OK,Github API Performance Testing 1-2,text,true,,8099,304,14,14,https://api.github.com/repos/bharathtechacademy05/JmeterRepo,515,0,0
1781195999060,505,Request to update the existing repository details,200,OK,Github API Performance Testing 1-5,text,true,,8098,304,14,14,https://api.github.com/repos/bharathtechacademy05/JmeterRepo,504,0,0
1781195999143,423,Request to update the existing repository details,200,OK,Github API Performance Testing 1-6,text,true,,8099,304,14,14,https://api.github.com/repos/bharathtechacademy05/JmeterRepo,423,0,0
1781195999075,524,Request to update the existing repository details,200,OK,Github API Performance Testing 1-4,text,true,,8098,304,15,15,https://api.github.com/repos/bharathtechacademy05/JmeterRepo,524,0,0
1781195999036,563,Request to update the existing repository details,200,OK,Github API Performance Testing 1-3,text,true,,8099,304,15,15,https://api.github.com/repos/bharathtechacademy05/JmeterRepo,563,0,0
1781195999168,433,Request to update the existing repository details,200,OK,Github API Performance Testing 1-1,text,true,,8099,304,15,15,https://api.github.com/repos/bharathtechacademy05/JmeterRepo,433,0,0
1781195999194,434,Request to get the existing repository details,200,OK,Github API Performance Testing 1-11,text,true,,7907,217,15,15,https://api.github.com/repos/bharathtechacademy05/JmeterRepo,433,0,64
1781195999240,396,Request to update the existing repository details,200,OK,Github API Performance Testing 1-7,text,true,,8098,304,15,15,https://api.github.com/repos/bharathtechacademy05/JmeterRepo,396,0,0
1781195999292,430,Request to get the existing repository details,200,OK,Github API Performance Testing 1-12,text,true,,7908,217,16,16,https://api.github.com/repos/bharathtechacademy05/JmeterRepo,430,0,66
1781195999413,377,Request to update the existing repository details,200,OK,Github API Performance Testing 1-9,text,true,,8097,304,16,16,https://api.github.com/repos/bharathtechacademy05/JmeterRepo,377,0,0
1781195999371,422,Request to update the existing repository details,200,OK,Github API Performance Testing 1-8,text,true,,8098,304,17,17,https://api.github.com/repos/bharathtechacademy05/JmeterRepo,422,0,0
1781195999391,480,Request to get the existing repository details,200,OK,Github API Performance Testing 1-13,text,true,,7908,217,17,17,https://api.github.com/repos/bharathtechacademy05/JmeterRepo,480,0,74
1781195999531,365,Request to update the existing repository details,200,OK,Github API Performance Testing 1-10,text,true,,8097,304,18,18,https://api.github.com/repos/bharathtechacademy05/JmeterRepo,364,0,0
1781195999566,363,Request to get the existing repository details,200,OK,Github API Performance Testing 1-6,text,true,,7908,217,18,18,https://api.github.com/repos/bharathtechacademy05/JmeterRepo,363,0,0
1781195999599,333,Request to get the existing repository details,200,OK,Github API Performance Testing 1-4,text,true,,7907,217,18,18,https://api.github.com/repos/bharathtechacademy05/JmeterRepo,333,0,0
1781195999565,390,Request to get the existing repository details,200,OK,Github API Performance Testing 1-5,text,true,,7907,217,18,18,https://api.github.com/repos/bharathtechacademy05/JmeterRepo,389,0,0
1781195999563,392,Request to get the existing repository details,200,OK,Github API Performance Testing 1-2,text,true,,7908,217,18,18,https://api.github.com/repos/bharathtechacademy05/JmeterRepo,391,0,0
1781195999602,354,Request to get the existing repository details,200,OK,Github API Performance Testing 1-1,text,true,,7908,217,18,18,https://api.github.com/repos/bharathtechacademy05/JmeterRepo,353,0,0
1781195999599,386,Request to get the existing repository details,200,OK,Github API Performance Testing 1-3,text,true,,7908,217,18,18,https://api.github.com/repos/bharathtechacademy05/JmeterRepo,385,0,0
1781195999493,514,Request to get the existing repository details,200,OK,Github API Performance Testing 1-14,text,true,,7908,217,19,19,https://api.github.com/repos/bharathtechacademy05/JmeterRepo,514,0,65
1781195999636,373,Request to get the existing repository details,200,OK,Github API Performance Testing 1-7,text,true,,7907,217,19,19,https://api.github.com/repos/bharathtechacademy05/JmeterRepo,373,0,0
1781195999594,430,Request to get the existing repository details,200,OK,Github API Performance Testing 1-15,text,true,,7907,217,19,19,https://api.github.com/repos/bharathtechacademy05/JmeterRepo,429,0,64
1781195999628,410,Request to update the existing repository details,200,OK,Github API Performance Testing 1-11,text,true,,8098,304,19,19,https://api.github.com/repos/bharathtechacademy05/JmeterRepo,410,0,0
1781195999723,359,Request to update the existing repository details,200,OK,Github API Performance Testing 1-12,text,true,,8099,304,19,19,https://api.github.com/repos/bharathtechacademy05/JmeterRepo,359,0,0
1781195999691,429,Request to get the existing repository details,200,OK,Github API Performance Testing 1-16,text,true,,7908,217,20,20,https://api.github.com/repos/bharathtechacademy05/JmeterRepo,429,0,70
1781195999791,356,Request to get the existing repository details,200,OK,Github API Performance Testing 1-9,text,true,,7906,217,20,20,https://api.github.com/repos/bharathtechacademy05/JmeterRepo,356,0,0
1781195999793,433,Request to get the existing repository details,200,OK,Github API Performance Testing 1-8,text,true,,7907,217,21,21,https://api.github.com/repos/bharathtechacademy05/JmeterRepo,433,0,0
1781195999793,445,Request to get the existing repository details,200,OK,Github API Performance Testing 1-17,text,true,,7908,217,21,21,https://api.github.com/repos/bharathtechacademy05/JmeterRepo,444,0,67
1781195999872,395,Request to update the existing repository details,200,OK,Github API Performance Testing 1-13,text,true,,8099,304,21,21,https://api.github.com/repos/bharathtechacademy05/JmeterRepo,394,0,0
1781195999896,386,Request to get the existing repository details,200,OK,Github API Performance Testing 1-10,text,true,,7906,217,21,21,https://api.github.com/repos/bharathtechacademy05/JmeterRepo,386,0,0
1781195999930,355,Request to update the existing repository details,200,OK,Github API Performance Testing 1-6,text,true,,8099,304,21,21,https://api.github.com/repos/bharathtechacademy05/JmeterRepo,355,0,0
1781195999933,382,Request to update the existing repository details,200,OK,Github API Performance Testing 1-4,text,true,,8098,304,21,21,https://api.github.com/repos/bharathtechacademy05/JmeterRepo,382,0,0
1781195999956,380,Request to update the existing repository details,200,OK,Github API Performance Testing 1-2,text,true,,8099,304,20,20,https://api.github.com/repos/bharathtechacademy05/JmeterRepo,380,0,0
1781195999892,453,Request to get the existing repository details,200,OK,Github API Performance Testing 1-18,text,true,,7908,217,19,19,https://api.github.com/repos/bharathtechacademy05/JmeterRepo,452,0,68
1781195999956,405,Request to update the existing repository details,200,OK,Github API Performance Testing 1-1,text,true,,8099,304,19,19,https://api.github.com/repos/bharathtechacademy05/JmeterRepo,405,0,0
1781195999956,409,Request to update the existing repository details,200,OK,Github API Performance Testing 1-5,text,true,,8098,304,18,18,https://api.github.com/repos/bharathtechacademy05/JmeterRepo,409,0,0
1781196000010,366,Request to update the existing repository details,200,OK,Github API Performance Testing 1-7,text,true,,8098,304,17,17,https://api.github.com/repos/bharathtechacademy05/JmeterRepo,364,0,0
1781196000024,360,Request to update the existing repository details,200,OK,Github API Performance Testing 1-15,text,true,,8098,304,16,16,https://api.github.com/repos/bharathtechacademy05/JmeterRepo,360,0,0
1781195999985,401,Request to update the existing repository details,200,OK,Github API Performance Testing 1-3,text,true,,8099,304,16,16,https://api.github.com/repos/bharathtechacademy05/JmeterRepo,400,0,0
1781196000010,381,Request to update the existing repository details,200,OK,Github API Performance Testing 1-14,text,true,,8099,304,15,15,https://api.github.com/repos/bharathtechacademy05/JmeterRepo,380,0,0
1781195999993,409,Request to get the existing repository details,200,OK,Github API Performance Testing 1-19,text,true,,7908,217,16,16,https://api.github.com/repos/bharathtechacademy05/JmeterRepo,408,0,65
1781196000083,360,Request to get the existing repository details,200,OK,Github API Performance Testing 1-12,text,true,,7908,217,16,16,https://api.github.com/repos/bharathtechacademy05/JmeterRepo,360,0,0
1781196000093,417,Request to get the existing repository details,200,OK,Github API Performance Testing 1-20,text,true,,7908,217,17,17,https://api.github.com/repos/bharathtechacademy05/JmeterRepo,416,0,64
1781196000148,392,Request to update the existing repository details,200,OK,Github API Performance Testing 1-9,text,true,,8097,304,17,17,https://api.github.com/repos/bharathtechacademy05/JmeterRepo,392,0,0
1781196000121,440,Request to update the existing repository details,200,OK,Github API Performance Testing 1-16,text,true,,8099,304,16,16,https://api.github.com/repos/bharathtechacademy05/JmeterRepo,438,0,0
1781196000267,336,Request to get the existing repository details,200,OK,Github API Performance Testing 1-13,text,true,,7908,217,17,17,https://api.github.com/repos/bharathtechacademy05/JmeterRepo,336,0,0
1781196000193,418,Request to get the existing repository details,200,OK,Github API Performance Testing 1-21,text,true,,7907,217,17,17,https://api.github.com/repos/bharathtechacademy05/JmeterRepo,418,0,63
1781196000226,388,Request to update the existing repository details,200,OK,Github API Performance Testing 1-8,text,true,,8098,304,17,17,https://api.github.com/repos/bharathtechacademy05/JmeterRepo,388,0,0
1781196000238,421,Request to update the existing repository details,200,OK,Github API Performance Testing 1-17,text,true,,8099,304,16,16,https://api.github.com/repos/bharathtechacademy05/JmeterRepo,420,0,0
1781196000282,402,Request to update the existing repository details,200,OK,Github API Performance Testing 1-10,text,true,,8097,304,16,16,https://api.github.com/repos/bharathtechacademy05/JmeterRepo,401,0,0
1781196000290,433,Request to get the existing repository details,200,OK,Github API Performance Testing 1-22,text,true,,7907,217,16,16,https://api.github.com/repos/bharathtechacademy05/JmeterRepo,432,0,75
1781196000345,387,Request to update the existing repository details,200,OK,Github API Performance Testing 1-18,text,true,,8099,304,16,16,https://api.github.com/repos/bharathtechacademy05/JmeterRepo,387,0,0
1781196000385,367,Request to get the existing repository details,200,OK,Github API Performance Testing 1-15,text,true,,7907,217,16,16,https://api.github.com/repos/bharathtechacademy05/JmeterRepo,367,0,0
1781196000392,371,Request to get the existing repository details,200,OK,Github API Performance Testing 1-14,text,true,,7908,217,16,16,https://api.github.com/repos/bharathtechacademy05/JmeterRepo,371,0,0
1781196000039,756,Request to get the existing repository details,200,OK,Github API Performance Testing 1-11,text,true,,7907,217,17,17,https://api.github.com/repos/bharathtechacademy05/JmeterRepo,756,0,0
1781196000402,412,Request to update the existing repository details,200,OK,Github API Performance Testing 1-19,text,true,,8099,304,17,17,https://api.github.com/repos/bharathtechacademy05/JmeterRepo,410,0,0
1781196000392,426,Request to get the existing repository details,200,OK,Github API Performance Testing 1-23,text,true,,7908,217,17,17,https://api.github.com/repos/bharathtechacademy05/JmeterRepo,426,0,62
1781196000444,416,Request to update the existing repository details,200,OK,Github API Performance Testing 1-12,text,true,,8099,304,17,17,https://api.github.com/repos/bharathtechacademy05/JmeterRepo,415,0,0
1781196000492,419,Request to get the existing repository details,200,OK,Github API Performance Testing 1-24,text,true,,7908,217,17,17,https://api.github.com/repos/bharathtechacademy05/JmeterRepo,418,0,63
1781196000510,451,Request to update the existing repository details,200,OK,Github API Performance Testing 1-20,text,true,,8099,304,17,17,https://api.github.com/repos/bharathtechacademy05/JmeterRepo,451,0,0
1781196000562,403,Request to get the existing repository details,200,OK,Github API Performance Testing 1-16,text,true,,7908,217,17,17,https://api.github.com/repos/bharathtechacademy05/JmeterRepo,403,0,0
1781196000603,373,Request to update the existing repository details,200,OK,Github API Performance Testing 1-13,text,true,,8099,304,17,17,https://api.github.com/repos/bharathtechacademy05/JmeterRepo,372,0,0
1781196000611,381,Request to update the existing repository details,200,OK,Github API Performance Testing 1-21,text,true,,8098,304,17,17,https://api.github.com/repos/bharathtechacademy05/JmeterRepo,381,0,0
1781196000591,437,Request to get the existing repository details,200,OK,Github API Performance Testing 1-25,text,true,,7907,217,17,17,https://api.github.com/repos/bharathtechacademy05/JmeterRepo,437,0,62
1781196000659,403,Request to get the existing repository details,200,OK,Github API Performance Testing 1-17,text,true,,7908,217,17,17,https://api.github.com/repos/bharathtechacademy05/JmeterRepo,402,0,0
1781196000752,356,Request to update the existing repository details,200,OK,Github API Performance Testing 1-15,text,true,,8098,304,18,18,https://api.github.com/repos/bharathtechacademy05/JmeterRepo,356,0,0
1781196000691,422,Request to get the existing repository details,200,OK,Github API Performance Testing 1-26,text,true,,7907,217,17,17,https://api.github.com/repos/bharathtechacademy05/JmeterRepo,421,0,60
1781196000733,394,Request to get the existing repository details,200,OK,Github API Performance Testing 1-18,text,true,,7908,217,17,17,https://api.github.com/repos/bharathtechacademy05/JmeterRepo,394,0,0
1781196000723,416,Request to update the existing repository details,200,OK,Github API Performance Testing 1-22,text,true,,8098,304,17,17,https://api.github.com/repos/bharathtechacademy05/JmeterRepo,416,0,0
1781196000796,364,Request to update the existing repository details,200,OK,Github API Performance Testing 1-11,text,true,,8098,304,17,17,https://api.github.com/repos/bharathtechacademy05/JmeterRepo,364,0,0
1781196000814,356,Request to get the existing repository details,200,OK,Github API Performance Testing 1-19,text,true,,7908,217,16,16,https://api.github.com/repos/bharathtechacademy05/JmeterRepo,356,0,0
1781196000763,438,Request to update the existing repository details,200,OK,Github API Performance Testing 1-14,text,true,,8099,304,17,17,https://api.github.com/repos/bharathtechacademy05/JmeterRepo,437,0,0
1781196000818,422,Request to update the existing repository details,200,OK,Github API Performance Testing 1-23,text,true,,8099,304,16,16,https://api.github.com/repos/bharathtechacademy05/JmeterRepo,422,0,0
1781196000792,468,Request to get the existing repository details,200,OK,Github API Performance Testing 1-27,text,true,,7908,217,16,16,https://api.github.com/repos/bharathtechacademy05/JmeterRepo,468,0,63
1781196000911,395,Request to update the existing repository details,200,OK,Github API Performance Testing 1-24,text,true,,8099,304,17,17,https://api.github.com/repos/bharathtechacademy05/JmeterRepo,395,0,0
1781196000962,352,Request to get the existing repository details,200,OK,Github API Performance Testing 1-20,text,true,,7908,217,17,17,https://api.github.com/repos/bharathtechacademy05/JmeterRepo,352,0,0
1781196000892,435,Request to get the existing repository details,200,OK,Github API Performance Testing 1-28,text,true,,7908,217,17,17,https://api.github.com/repos/bharathtechacademy05/JmeterRepo,435,0,65
1781196000993,375,Request to get the existing repository details,200,OK,Github API Performance Testing 1-21,text,true,,7907,217,17,17,https://api.github.com/repos/bharathtechacademy05/JmeterRepo,374,0,0
1781196000991,400,Request to get the existing repository details,200,OK,Github API Performance Testing 1-29,text,true,,7907,217,17,17,https://api.github.com/repos/bharathtechacademy05/JmeterRepo,400,0,64
1781196000965,427,Request to update the existing repository details,200,OK,Github API Performance Testing 1-16,text,true,,8099,304,18,18,https://api.github.com/repos/bharathtechacademy05/JmeterRepo,427,0,0
1781196001028,376,Request to update the existing repository details,200,OK,Github API Performance Testing 1-25,text,true,,8098,304,17,17,https://api.github.com/repos/bharathtechacademy05/JmeterRepo,376,0,0
1781196001062,406,Request to update the existing repository details,200,OK,Github API Performance Testing 1-17,text,true,,8099,304,17,17,https://api.github.com/repos/bharathtechacademy05/JmeterRepo,406,0,0
1781196001091,402,Request to get the existing repository details,200,OK,Github API Performance Testing 1-30,text,true,,7908,217,17,17,https://api.github.com/repos/bharathtechacademy05/JmeterRepo,402,0,62
1781196001113,393,Request to update the existing repository details,200,OK,Github API Performance Testing 1-26,text,true,,8098,304,17,17,https://api.github.com/repos/bharathtechacademy05/JmeterRepo,392,0,0
1781196001127,399,Request to update the existing repository details,200,OK,Github API Performance Testing 1-18,text,true,,8099,304,17,17,https://api.github.com/repos/bharathtechacademy05/JmeterRepo,399,0,0
1781196001139,388,Request to get the existing repository details,200,OK,Github API Performance Testing 1-22,text,true,,7907,217,16,16,https://api.github.com/repos/bharathtechacademy05/JmeterRepo,388,0,0
1781196001171,363,Request to update the existing repository details,200,OK,Github API Performance Testing 1-19,text,true,,8099,304,16,16,https://api.github.com/repos/bharathtechacademy05/JmeterRepo,363,0,0
1781196001240,358,Request to get the existing repository details,200,OK,Github API Performance Testing 1-23,text,true,,7908,217,16,16,https://api.github.com/repos/bharathtechacademy05/JmeterRepo,358,0,0
1781196001191,448,Request to get the existing repository details,200,OK,Github API Performance Testing 1-31,text,true,,7908,217,16,16,https://api.github.com/repos/bharathtechacademy05/JmeterRepo,447,0,64
1781196001306,369,Request to get the existing repository details,200,OK,Github API Performance Testing 1-24,text,true,,7908,217,16,16,https://api.github.com/repos/bharathtechacademy05/JmeterRepo,369,0,0
1781196001261,422,Request to update the existing repository details,200,OK,Github API Performance Testing 1-27,text,true,,8099,304,16,16,https://api.github.com/repos/bharathtechacademy05/JmeterRepo,420,0,0
1781196001314,409,Request to update the existing repository details,200,OK,Github API Performance Testing 1-20,text,true,,8099,304,17,17,https://api.github.com/repos/bharathtechacademy05/JmeterRepo,409,0,0
1781196001292,467,Request to get the existing repository details,200,OK,Github API Performance Testing 1-32,text,true,,7908,217,16,16,https://api.github.com/repos/bharathtechacademy05/JmeterRepo,467,0,64
1781196001369,405,Request to update the existing repository details,200,OK,Github API Performance Testing 1-21,text,true,,8098,304,16,16,https://api.github.com/repos/bharathtechacademy05/JmeterRepo,405,0,0
1781196001404,382,Request to get the existing repository details,200,OK,Github API Performance Testing 1-25,text,true,,7907,217,15,15,https://api.github.com/repos/bharathtechacademy05/JmeterRepo,382,0,0
1781196001391,400,Request to update the existing repository details,200,OK,Github API Performance Testing 1-29,text,true,,8098,304,16,16,https://api.github.com/repos/bharathtechacademy05/JmeterRepo,399,0,0
1781196001328,472,Request to update the existing repository details,200,OK,Github API Performance Testing 1-28,text,true,,8099,304,16,16,https://api.github.com/repos/bharathtechacademy05/JmeterRepo,472,0,0
1781196001392,427,Request to get the existing repository details,200,OK,Github API Performance Testing 1-33,text,true,,7908,217,16,16,https://api.github.com/repos/bharathtechacademy05/JmeterRepo,427,0,63
1781196001506,364,Request to get the existing repository details,200,OK,Github API Performance Testing 1-26,text,true,,7907,217,16,16,https://api.github.com/repos/bharathtechacademy05/JmeterRepo,364,0,0
1781196001528,388,Request to update the existing repository details,200,OK,Github API Performance Testing 1-22,text,true,,8098,304,17,17,https://api.github.com/repos/bharathtechacademy05/JmeterRepo,388,0,0
1781196001494,431,Request to update the existing repository details,200,OK,Github API Performance Testing 1-30,text,true,,8099,304,16,16,https://api.github.com/repos/bharathtechacademy05/JmeterRepo,431,0,0
1781196001492,475,Request to get the existing repository details,200,OK,Github API Performance Testing 1-34,text,true,,7908,217,16,16,https://api.github.com/repos/bharathtechacademy05/JmeterRepo,475,0,61
1781196001676,532,Request to update the existing repository details,200,OK,Github API Performance Testing 1-24,text,true,,8099,304,19,19,https://api.github.com/repos/bharathtechacademy05/JmeterRepo,532,0,0
1781196001801,407,Request to get the existing repository details,200,OK,Github API Performance Testing 1-28,text,true,,7908,217,19,19,https://api.github.com/repos/bharathtechacademy05/JmeterRepo,407,0,0
1781196001683,525,Request to get the existing repository details,200,OK,Github API Performance Testing 1-27,text,true,,7908,217,19,19,https://api.github.com/repos/bharathtechacademy05/JmeterRepo,525,0,0
1781196001759,449,Request to update the existing repository details,200,OK,Github API Performance Testing 1-32,text,true,,8099,304,19,19,https://api.github.com/repos/bharathtechacademy05/JmeterRepo,449,0,0
1781196001691,517,Request to get the existing repository details,200,OK,Github API Performance Testing 1-36,text,true,,7908,217,19,19,https://api.github.com/repos/bharathtechacademy05/JmeterRepo,517,0,63
1781196001598,610,Request to update the existing repository details,200,OK,Github API Performance Testing 1-23,text,true,,8099,304,19,19,https://api.github.com/repos/bharathtechacademy05/JmeterRepo,610,0,0
1781196001593,615,Request to get the existing repository details,200,OK,Github API Performance Testing 1-35,text,true,,7908,217,19,19,https://api.github.com/repos/bharathtechacademy05/JmeterRepo,615,0,61
1781196001786,423,Request to update the existing repository details,200,OK,Github API Performance Testing 1-25,text,true,,8098,304,17,17,https://api.github.com/repos/bharathtechacademy05/JmeterRepo,423,0,0
1781196001791,418,Request to get the existing repository details,200,OK,Github API Performance Testing 1-29,text,true,,7907,217,17,17,https://api.github.com/repos/bharathtechacademy05/JmeterRepo,418,0,0
1781196001820,399,Request to update the existing repository details,200,OK,Github API Performance Testing 1-33,text,true,,8099,304,16,16,https://api.github.com/repos/bharathtechacademy05/JmeterRepo,398,0,0
1781196001791,431,Request to get the existing repository details,200,OK,Github API Performance Testing 1-37,text,true,,7907,217,16,16,https://api.github.com/repos/bharathtechacademy05/JmeterRepo,431,0,62
1781196001639,598,Request to update the existing repository details,200,OK,Github API Performance Testing 1-31,text,true,,8099,304,16,16,https://api.github.com/repos/bharathtechacademy05/JmeterRepo,598,0,0
1781196001925,357,Request to get the existing repository details,200,OK,Github API Performance Testing 1-30,text,true,,7908,217,16,16,https://api.github.com/repos/bharathtechacademy05/JmeterRepo,357,0,0
1781196001871,419,Request to update the existing repository details,200,OK,Github API Performance Testing 1-26,text,true,,8098,304,16,16,https://api.github.com/repos/bharathtechacademy05/JmeterRepo,417,0,0
1781196001893,430,Request to get the existing repository details,200,OK,Github API Performance Testing 1-38,text,true,,7907,217,16,16,https://api.github.com/repos/bharathtechacademy05/JmeterRepo,430,0,60
1781196001967,394,Request to update the existing repository details,200,OK,Github API Performance Testing 1-34,text,true,,8099,304,16,16,https://api.github.com/repos/bharathtechacademy05/JmeterRepo,394,0,0
1781196002208,354,Request to get the existing repository details,200,OK,Github API Performance Testing 1-32,text,true,,7908,217,18,18,https://api.github.com/repos/bharathtechacademy05/JmeterRepo,354,0,0
1781196001992,601,Request to get the existing repository details,200,OK,Github API Performance Testing 1-39,text,true,,7907,217,18,18,https://api.github.com/repos/bharathtechacademy05/JmeterRepo,600,0,249
1781196002220,373,Request to get the existing repository details,200,OK,Github API Performance Testing 1-33,text,true,,7908,217,18,18,https://api.github.com/repos/bharathtechacademy05/JmeterRepo,373,0,0
1781196002209,390,Request to update the existing repository details,200,OK,Github API Performance Testing 1-36,text,true,,8099,304,19,19,https://api.github.com/repos/bharathtechacademy05/JmeterRepo,390,0,0
1781196002208,397,Request to update the existing repository details,200,OK,Github API Performance Testing 1-27,text,true,,8099,304,19,19,https://api.github.com/repos/bharathtechacademy05/JmeterRepo,397,0,0
1781196002209,399,Request to update the existing repository details,200,OK,Github API Performance Testing 1-29,text,true,,8098,304,18,18,https://api.github.com/repos/bharathtechacademy05/JmeterRepo,399,0,0
1781196002192,418,Request to get the existing repository details,200,OK,Github API Performance Testing 1-41,text,true,,7908,217,17,17,https://api.github.com/repos/bharathtechacademy05/JmeterRepo,417,0,60
1781196002208,403,Request to update the existing repository details,200,OK,Github API Performance Testing 1-28,text,true,,8099,304,17,17,https://api.github.com/repos/bharathtechacademy05/JmeterRepo,402,0,0
1781196002237,381,Request to get the existing repository details,200,OK,Github API Performance Testing 1-31,text,true,,7908,217,16,16,https://api.github.com/repos/bharathtechacademy05/JmeterRepo,381,0,0
1781196002093,542,Request to get the existing repository details,200,OK,Github API Performance Testing 1-40,text,true,,7908,217,16,16,https://api.github.com/repos/bharathtechacademy05/JmeterRepo,542,0,148
1781196002283,354,Request to update the existing repository details,200,OK,Github API Performance Testing 1-30,text,true,,8099,304,16,16,https://api.github.com/repos/bharathtechacademy05/JmeterRepo,354,0,0
1781196002223,423,Request to update the existing repository details,200,OK,Github API Performance Testing 1-37,text,true,,8098,304,15,15,https://api.github.com/repos/bharathtechacademy05/JmeterRepo,422,0,0
1781196002209,457,Request to update the existing repository details,200,OK,Github API Performance Testing 1-35,text,true,,8099,304,15,15,https://api.github.com/repos/bharathtechacademy05/JmeterRepo,457,0,0
1781196002292,443,Request to get the existing repository details,200,OK,Github API Performance Testing 1-42,text,true,,7907,217,16,16,https://api.github.com/repos/bharathtechacademy05/JmeterRepo,443,0,62
1781196002362,382,Request to get the existing repository details,200,OK,Github API Performance Testing 1-34,text,true,,7908,217,16,16,https://api.github.com/repos/bharathtechacademy05/JmeterRepo,382,0,0
1781196002323,437,Request to update the existing repository details,200,OK,Github API Performance Testing 1-38,text,true,,8098,304,16,16,https://api.github.com/repos/bharathtechacademy05/JmeterRepo,436,0,0
1781196002394,420,Request to get the existing repository details,200,OK,Github API Performance Testing 1-43,text,true,,7908,217,17,17,https://api.github.com/repos/bharathtechacademy05/JmeterRepo,420,0,65
1781196002563,378,Request to update the existing repository details,200,OK,Github API Performance Testing 1-32,text,true,,8099,304,18,18,https://api.github.com/repos/bharathtechacademy05/JmeterRepo,378,0,0
1781196002599,392,Request to get the existing repository details,200,OK,Github API Performance Testing 1-36,text,true,,7908,217,17,17,https://api.github.com/repos/bharathtechacademy05/JmeterRepo,391,0,0
1781196002593,401,Request to update the existing repository details,200,OK,Github API Performance Testing 1-39,text,true,,8098,304,17,17,https://api.github.com/repos/bharathtechacademy05/JmeterRepo,400,0,0
1781196002636,471,Request to update the existing repository details,200,OK,Github API Performance Testing 1-40,text,true,,8099,304,19,19,https://api.github.com/repos/bharathtechacademy05/JmeterRepo,471,0,0
1781196002593,514,Request to update the existing repository details,200,OK,Github API Performance Testing 1-33,text,true,,8099,304,19,19,https://api.github.com/repos/bharathtechacademy05/JmeterRepo,514,0,0
1781196002596,511,Request to get the existing repository details,200,OK,Github API Performance Testing 1-45,text,true,,7908,217,19,19,https://api.github.com/repos/bharathtechacademy05/JmeterRepo,511,0,61
1781196002494,613,Request to get the existing repository details,200,OK,Github API Performance Testing 1-44,text,true,,7907,217,19,19,https://api.github.com/repos/bharathtechacademy05/JmeterRepo,613,0,64
1781196002619,488,Request to update the existing repository details,200,OK,Github API Performance Testing 1-31,text,true,,8099,304,19,19,https://api.github.com/repos/bharathtechacademy05/JmeterRepo,488,0,0
1781196002667,440,Request to get the existing repository details,200,OK,Github API Performance Testing 1-35,text,true,,7908,217,19,19,https://api.github.com/repos/bharathtechacademy05/JmeterRepo,440,0,0
1781196002646,462,Request to get the existing repository details,200,OK,Github API Performance Testing 1-37,text,true,,7907,217,19,19,https://api.github.com/repos/bharathtechacademy05/JmeterRepo,461,0,0
1781196002760,358,Request to get the existing repository details,200,OK,Github API Performance Testing 1-38,text,true,,7907,217,17,17,https://api.github.com/repos/bharathtechacademy05/JmeterRepo,358,0,0
1781196002744,387,Request to update the existing repository details,200,OK,Github API Performance Testing 1-34,text,true,,8099,304,17,17,https://api.github.com/repos/bharathtechacademy05/JmeterRepo,387,0,0
1781196002735,401,Request to update the existing repository details,200,OK,Github API Performance Testing 1-42,text,true,,8098,304,16,16,https://api.github.com/repos/bharathtechacademy05/JmeterRepo,401,0,0
1781196002697,452,Request to get the existing repository details,200,OK,Github API Performance Testing 1-46,text,true,,7908,217,16,16,https://api.github.com/repos/bharathtechacademy05/JmeterRepo,452,0,61
1781196002610,551,Request to update the existing repository details,200,OK,Github API Performance Testing 1-41,text,true,,8099,304,16,16,https://api.github.com/repos/bharathtechacademy05/JmeterRepo,524,0,0
1781196002814,368,Request to update the existing repository details,200,OK,Github API Performance Testing 1-43,text,true,,8099,304,16,16,https://api.github.com/repos/bharathtechacademy05/JmeterRepo,368,0,0
1781196002792,432,Request to get the existing repository details,200,OK,Github API Performance Testing 1-47,text,true,,7908,217,17,17,https://api.github.com/repos/bharathtechacademy05/JmeterRepo,432,0,63
1781196002892,446,Request to get the existing repository details,200,OK,Github API Performance Testing 1-48,text,true,,7907,217,18,18,https://api.github.com/repos/bharathtechacademy05/JmeterRepo,446,0,63
1781196002994,486,Request to get the existing repository details,200,OK,Github API Performance Testing 1-39,text,true,,7907,217,19,19,https://api.github.com/repos/bharathtechacademy05/JmeterRepo,486,0,0
1781196003108,372,Request to get the existing repository details,200,OK,Github API Performance Testing 1-40,text,true,,7908,217,19,19,https://api.github.com/repos/bharathtechacademy05/JmeterRepo,372,0,0
1781196003108,373,Request to update the existing repository details,200,OK,Github API Performance Testing 1-35,text,true,,8099,304,19,19,https://api.github.com/repos/bharathtechacademy05/JmeterRepo,373,0,0
1781196003108,399,Request to update the existing repository details,200,OK,Github API Performance Testing 1-45,text,true,,8099,304,19,19,https://api.github.com/repos/bharathtechacademy05/JmeterRepo,399,0,0
1781196002991,518,Request to update the existing repository details,200,OK,Github API Performance Testing 1-36,text,true,,8099,304,19,19,https://api.github.com/repos/bharathtechacademy05/JmeterRepo,518,0,0
1781196003095,422,Request to get the existing repository details,200,OK,Github API Performance Testing 1-50,text,true,,7908,217,18,18,https://api.github.com/repos/bharathtechacademy05/JmeterRepo,422,0,62
1781196002995,523,Request to get the existing repository details,200,OK,Github API Performance Testing 1-49,text,true,,7908,217,18,18,https://api.github.com/repos/bharathtechacademy05/JmeterRepo,523,0,145
1781196003119,401,Request to update the existing repository details,200,OK,Github API Performance Testing 1-38,text,true,,8098,304,18,18,https://api.github.com/repos/bharathtechacademy05/JmeterRepo,400,0,0
1781196003108,417,Request to update the existing repository details,200,OK,Github API Performance Testing 1-44,text,true,,8098,304,17,17,https://api.github.com/repos/bharathtechacademy05/JmeterRepo,417,0,0
1781196003136,389,Request to get the existing repository details,200,OK,Github API Performance Testing 1-42,text,true,,7907,217,17,17,https://api.github.com/repos/bharathtechacademy05/JmeterRepo,389,0,0
1781196003149,383,Request to update the existing repository details,200,OK,Github API Performance Testing 1-46,text,true,,8099,304,17,17,https://api.github.com/repos/bharathtechacademy05/JmeterRepo,379,0,0
1781196003161,376,Request to get the existing repository details,200,OK,Github API Performance Testing 1-41,text,true,,7908,217,17,17,https://api.github.com/repos/bharathtechacademy05/JmeterRepo,376,0,0
1781196003108,458,Request to update the existing repository details,200,OK,Github API Performance Testing 1-37,text,true,,8098,304,17,17,https://api.github.com/repos/bharathtechacademy05/JmeterRepo,457,0,0
1781196003183,402,Request to get the existing repository details,200,OK,Github API Performance Testing 1-43,text,true,,7908,217,16,16,https://api.github.com/repos/bharathtechacademy05/JmeterRepo,402,0,0
1781196003197,429,Request to get the existing repository details,200,OK,Github API Performance Testing 1-51,text,true,,7907,217,17,17,https://api.github.com/repos/bharathtechacademy05/JmeterRepo,428,0,64
1781196003224,409,Request to update the existing repository details,200,OK,Github API Performance Testing 1-47,text,true,,8099,304,17,17,https://api.github.com/repos/bharathtechacademy05/JmeterRepo,408,0,0
1781196003300,404,Request to get the existing repository details,200,OK,Github API Performance Testing 1-52,text,true,,7908,217,18,18,https://api.github.com/repos/bharathtechacademy05/JmeterRepo,404,0,59
1781196003339,392,Request to update the existing repository details,200,OK,Github API Performance Testing 1-48,text,true,,8098,304,18,18,https://api.github.com/repos/bharathtechacademy05/JmeterRepo,392,0,0
1781196003508,344,Request to get the existing repository details,200,OK,Github API Performance Testing 1-45,text,true,,7908,217,19,19,https://api.github.com/repos/bharathtechacademy05/JmeterRepo,344,0,0
1781196003482,380,Request to update the existing repository details,200,OK,Github API Performance Testing 1-39,text,true,,8098,304,19,19,https://api.github.com/repos/bharathtechacademy05/JmeterRepo,380,0,0
1781196003481,390,Request to update the existing repository details,200,OK,Github API Performance Testing 1-40,text,true,,8099,304,18,18,https://api.github.com/repos/bharathtechacademy05/JmeterRepo,388,0,0
1781196003518,374,Request to update the existing repository details,200,OK,Github API Performance Testing 1-50,text,true,,8099,304,17,17,https://api.github.com/repos/bharathtechacademy05/JmeterRepo,374,0,0
1781196003526,367,Request to get the existing repository details,200,OK,Github API Performance Testing 1-44,text,true,,7907,217,17,17,https://api.github.com/repos/bharathtechacademy05/JmeterRepo,367,0,0
1781196003520,378,Request to update the existing repository details,200,OK,Github API Performance Testing 1-49,text,true,,8099,304,17,17,https://api.github.com/repos/bharathtechacademy05/JmeterRepo,377,0,0
1781196003398,507,Request to get the existing repository details,200,OK,Github API Performance Testing 1-53,text,true,,7907,217,18,18,https://api.github.com/repos/bharathtechacademy05/JmeterRepo,507,0,115
1781196003504,418,Request to get the existing repository details,200,OK,Github API Performance Testing 1-54,text,true,,7907,217,18,18,https://api.github.com/repos/bharathtechacademy05/JmeterRepo,418,0,60
1781196003538,396,Request to update the existing repository details,200,OK,Github API Performance Testing 1-41,text,true,,8099,304,18,18,https://api.github.com/repos/bharathtechacademy05/JmeterRepo,395,0,0
1781196003527,428,Request to update the existing repository details,200,OK,Github API Performance Testing 1-42,text,true,,8098,304,17,17,https://api.github.com/repos/bharathtechacademy05/JmeterRepo,428,0,0
1781196003533,426,Request to get the existing repository details,200,OK,Github API Performance Testing 1-46,text,true,,7908,217,16,16,https://api.github.com/repos/bharathtechacademy05/JmeterRepo,424,0,0
1781196003587,407,Request to update the existing repository details,200,OK,Github API Performance Testing 1-43,text,true,,8099,304,16,16,https://api.github.com/repos/bharathtechacademy05/JmeterRepo,407,0,0
1781196003598,415,Request to get the existing repository details,200,OK,Github API Performance Testing 1-55,text,true,,7908,217,16,16,https://api.github.com/repos/bharathtechacademy05/JmeterRepo,415,0,59
1781196003635,501,Request to get the existing repository details,200,OK,Github API Performance Testing 1-47,text,true,,7908,217,17,17,https://api.github.com/repos/bharathtechacademy05/JmeterRepo,501,0,0
1781196003732,405,Request to get the existing repository details,200,OK,Github API Performance Testing 1-48,text,true,,7907,217,17,17,https://api.github.com/repos/bharathtechacademy05/JmeterRepo,404,0,0
1781196003704,432,Request to update the existing repository details,200,OK,Github API Performance Testing 1-52,text,true,,8099,304,17,17,https://api.github.com/repos/bharathtechacademy05/JmeterRepo,432,0,0
1781196003698,453,Request to get the existing repository details,200,OK,Github API Performance Testing 1-56,text,true,,7907,217,17,17,https://api.github.com/repos/bharathtechacademy05/JmeterRepo,452,0,62
1781196003627,537,Request to update the existing repository details,200,OK,Github API Performance Testing 1-51,text,true,,8098,304,17,17,https://api.github.com/repos/bharathtechacademy05/JmeterRepo,401,0,0
1781196003799,446,Request to get the existing repository details,200,OK,Github API Performance Testing 1-57,text,true,,7908,217,18,18,https://api.github.com/repos/bharathtechacademy05/JmeterRepo,446,0,63
1781196003852,408,Request to update the existing repository details,200,OK,Github API Performance Testing 1-45,text,true,,8099,304,18,18,https://api.github.com/repos/bharathtechacademy05/JmeterRepo,408,0,0
1781196003893,380,Request to get the existing repository details,200,OK,Github API Performance Testing 1-50,text,true,,7908,217,17,17,https://api.github.com/repos/bharathtechacademy05/JmeterRepo,379,0,0
1781196003893,391,Request to update the existing repository details,200,OK,Github API Performance Testing 1-44,text,true,,8098,304,17,17,https://api.github.com/repos/bharathtechacademy05/JmeterRepo,391,0,0
1781196003905,379,Request to update the existing repository details,200,OK,Github API Performance Testing 1-53,text,true,,8098,304,17,17,https://api.github.com/repos/bharathtechacademy05/JmeterRepo,379,0,0
1781196003923,374,Request to update the existing repository details,200,OK,Github API Performance Testing 1-54,text,true,,8098,304,16,16,https://api.github.com/repos/bharathtechacademy05/JmeterRepo,374,0,0
1781196003902,411,Request to get the existing repository details,200,OK,Github API Performance Testing 1-58,text,true,,7907,217,17,17,https://api.github.com/repos/bharathtechacademy05/JmeterRepo,410,0,61
1781196003898,422,Request to get the existing repository details,200,OK,Github API Performance Testing 1-49,text,true,,7908,217,17,17,https://api.github.com/repos/bharathtechacademy05/JmeterRepo,421,0,0
1781196004014,374,Request to update the existing repository details,200,OK,Github API Performance Testing 1-55,text,true,,8099,304,17,17,https://api.github.com/repos/bharathtechacademy05/JmeterRepo,373,0,0
1781196003960,440,Request to update the existing repository details,200,OK,Github API Performance Testing 1-46,text,true,,8099,304,18,18,https://api.github.com/repos/bharathtechacademy05/JmeterRepo,440,0,0
1781196004137,347,Request to update the existing repository details,200,OK,Github API Performance Testing 1-48,text,true,,8098,304,17,17,https://api.github.com/repos/bharathtechacademy05/JmeterRepo,345,0,0
1781196004137,353,Request to get the existing repository details,200,OK,Github API Performance Testing 1-52,text,true,,7908,217,16,16,https://api.github.com/repos/bharathtechacademy05/JmeterRepo,352,0,0
1781196003997,510,Request to get the existing repository details,200,OK,Github API Performance Testing 1-59,text,true,,7908,217,17,17,https://api.github.com/repos/bharathtechacademy05/JmeterRepo,510,0,142
1781196004164,351,Request to get the existing repository details,200,OK,Github API Performance Testing 1-51,text,true,,7907,217,17,17,https://api.github.com/repos/bharathtechacademy05/JmeterRepo,351,0,0
1781196004098,462,Request to get the existing repository details,200,OK,Github API Performance Testing 1-60,text,true,,7907,217,17,17,https://api.github.com/repos/bharathtechacademy05/JmeterRepo,462,0,71
1781196004152,409,Request to update the existing repository details,200,OK,Github API Performance Testing 1-56,text,true,,8098,304,17,17,https://api.github.com/repos/bharathtechacademy05/JmeterRepo,408,0,0
1781196004245,365,Request to update the existing repository details,200,OK,Github API Performance Testing 1-57,text,true,,8099,304,18,18,https://api.github.com/repos/bharathtechacademy05/JmeterRepo,365,0,0
1781196004284,358,Request to get the existing repository details,200,OK,Github API Performance Testing 1-53,text,true,,7907,217,18,18,https://api.github.com/repos/bharathtechacademy05/JmeterRepo,358,0,0
1781196004204,441,Request to get the existing repository details,200,OK,Github API Performance Testing 1-61,text,true,,7908,217,18,18,https://api.github.com/repos/bharathtechacademy05/JmeterRepo,441,0,63
1781196004273,396,Request to update the existing repository details,200,OK,Github API Performance Testing 1-50,text,true,,8099,304,18,18,https://api.github.com/repos/bharathtechacademy05/JmeterRepo,396,0,0
1781196004320,372,Request to update the existing repository details,200,OK,Github API Performance Testing 1-49,text,true,,8099,304,17,17,https://api.github.com/repos/bharathtechacademy05/JmeterRepo,372,0,0
1781196004298,401,Request to get the existing repository details,200,OK,Github API Performance Testing 1-54,text,true,,7907,217,16,16,https://api.github.com/repos/bharathtechacademy05/JmeterRepo,401,0,0
1781196004313,395,Request to update the existing repository details,200,OK,Github API Performance Testing 1-58,text,true,,8098,304,17,17,https://api.github.com/repos/bharathtechacademy05/JmeterRepo,394,0,0
1781196004388,394,Request to get the existing repository details,200,OK,Github API Performance Testing 1-55,text,true,,7908,217,17,17,https://api.github.com/repos/bharathtechacademy05/JmeterRepo,394,0,0
1781196004394,434,Request to get the existing repository details,200,OK,Github API Performance Testing 1-63,text,true,,7906,217,18,18,https://api.github.com/repos/bharathtechacademy05/JmeterRepo,434,0,60
1781196004490,380,Request to update the existing repository details,200,OK,Github API Performance Testing 1-52,text,true,,8099,304,18,18,https://api.github.com/repos/bharathtechacademy05/JmeterRepo,380,0,0
1781196004493,397,Request to get the existing repository details,200,OK,Github API Performance Testing 1-64,text,true,,7907,217,17,17,https://api.github.com/repos/bharathtechacademy05/JmeterRepo,397,0,62
1781196004508,395,Request to update the existing repository details,200,OK,Github API Performance Testing 1-59,text,true,,8099,304,18,18,https://api.github.com/repos/bharathtechacademy05/JmeterRepo,395,0,0
1781196004137,770,Request to update the existing repository details,200,OK,Github API Performance Testing 1-47,text,true,,8099,304,18,18,https://api.github.com/repos/bharathtechacademy05/JmeterRepo,770,0,0
1781196004516,410,Request to update the existing repository details,200,OK,Github API Performance Testing 1-51,text,true,,8098,304,17,17,https://api.github.com/repos/bharathtechacademy05/JmeterRepo,409,0,0
1781196004611,340,Request to get the existing repository details,200,OK,Github API Performance Testing 1-57,text,true,,7908,217,16,16,https://api.github.com/repos/bharathtechacademy05/JmeterRepo,340,0,0
1781196004560,406,Request to update the existing repository details,200,OK,Github API Performance Testing 1-60,text,true,,8098,304,16,16,https://api.github.com/repos/bharathtechacademy05/JmeterRepo,406,0,0
1781196004561,410,Request to get the existing repository details,200,OK,Github API Performance Testing 1-56,text,true,,7907,217,16,16,https://api.github.com/repos/bharathtechacademy05/JmeterRepo,407,0,0
1781196004642,364,Request to update the existing repository details,200,OK,Github API Performance Testing 1-53,text,true,,8098,304,17,17,https://api.github.com/repos/bharathtechacademy05/JmeterRepo,364,0,0
1781196004608,431,Request to get the existing repository details,200,OK,Github API Performance Testing 1-65,text,true,,7908,217,16,16,https://api.github.com/repos/bharathtechacademy05/JmeterRepo,431,0,68
1781196004646,431,Request to update the existing repository details,200,OK,Github API Performance Testing 1-61,text,true,,8099,304,16,16,https://api.github.com/repos/bharathtechacademy05/JmeterRepo,430,0,0
1781196004708,381,Request to get the existing repository details,200,OK,Github API Performance Testing 1-58,text,true,,7907,217,16,16,https://api.github.com/repos/bharathtechacademy05/JmeterRepo,380,0,0
1781196004708,417,Request to get the existing repository details,200,OK,Github API Performance Testing 1-66,text,true,,7908,217,17,17,https://api.github.com/repos/bharathtechacademy05/JmeterRepo,417,0,62
1781196004308,839,Request to get the existing repository details,200,OK,Github API Performance Testing 1-62,text,true,,7907,217,17,17,https://api.github.com/repos/bharathtechacademy05/JmeterRepo,839,0,64
1781196004782,390,Request to update the existing repository details,200,OK,Github API Performance Testing 1-55,text,true,,8099,304,17,17,https://api.github.com/repos/bharathtechacademy05/JmeterRepo,390,0,0
1781196004829,378,Request to update the existing repository details,200,OK,Github API Performance Testing 1-63,text,true,,8097,304,17,17,https://api.github.com/repos/bharathtechacademy05/JmeterRepo,377,0,0
1781196004794,432,Request to get the existing repository details,200,OK,Github API Performance Testing 1-67,text,true,,7908,217,17,17,https://api.github.com/repos/bharathtechacademy05/JmeterRepo,432,0,60
1781196004699,545,Request to update the existing repository details,200,OK,Github API Performance Testing 1-54,text,true,,8098,304,17,17,https://api.github.com/repos/bharathtechacademy05/JmeterRepo,545,0,0
1781196004890,388,Request to update the existing repository details,200,OK,Github API Performance Testing 1-64,text,true,,8098,304,16,16,https://api.github.com/repos/bharathtechacademy05/JmeterRepo,388,0,0
1781196004903,400,Request to get the existing repository details,200,OK,Github API Performance Testing 1-59,text,true,,7908,217,17,17,https://api.github.com/repos/bharathtechacademy05/JmeterRepo,400,0,0
1781196004952,371,Request to update the existing repository details,200,OK,Github API Performance Testing 1-57,text,true,,8099,304,17,17,https://api.github.com/repos/bharathtechacademy05/JmeterRepo,371,0,0
1781196004895,441,Request to get the existing repository details,200,OK,Github API Performance Testing 1-68,text,true,,7908,217,16,16,https://api.github.com/repos/bharathtechacademy05/JmeterRepo,440,0,59
1781196004967,394,Request to get the existing repository details,200,OK,Github API Performance Testing 1-60,text,true,,7907,217,16,16,https://api.github.com/repos/bharathtechacademy05/JmeterRepo,394,0,0
1781196004971,402,Request to update the existing repository details,200,OK,Github API Performance Testing 1-56,text,true,,8098,304,16,16,https://api.github.com/repos/bharathtechacademy05/JmeterRepo,400,0,0
1781196005039,379,Request to update the existing repository details,200,OK,Github API Performance Testing 1-65,text,true,,8099,304,16,16,https://api.github.com/repos/bharathtechacademy05/JmeterRepo,379,0,0
1781196005006,417,Request to get the existing repository details,200,OK,Github API Performance Testing 1-69,text,true,,7908,217,16,16,https://api.github.com/repos/bharathtechacademy05/JmeterRepo,417,0,61
1781196005077,347,Request to get the existing repository details,200,OK,Github API Performance Testing 1-61,text,true,,7908,217,16,16,https://api.github.com/repos/bharathtechacademy05/JmeterRepo,347,0,0
1781196005089,414,Request to update the existing repository details,200,OK,Github API Performance Testing 1-58,text,true,,8098,304,16,16,https://api.github.com/repos/bharathtechacademy05/JmeterRepo,414,0,0
1781196005126,399,Request to update the existing repository details,200,OK,Github API Performance Testing 1-66,text,true,,8099,304,16,16,https://api.github.com/repos/bharathtechacademy05/JmeterRepo,398,0,0
1781196005207,347,Request to get the existing repository details,200,OK,Github API Performance Testing 1-63,text,true,,7906,217,16,16,https://api.github.com/repos/bharathtechacademy05/JmeterRepo,346,0,0
1781196005148,410,Request to update the existing repository details,200,OK,Github API Performance Testing 1-62,text,true,,8098,304,16,16,https://api.github.com/repos/bharathtechacademy05/JmeterRepo,409,0,0
1781196005227,372,Request to update the existing repository details,200,OK,Github API Performance Testing 1-67,text,true,,8099,304,17,17,https://api.github.com/repos/bharathtechacademy05/JmeterRepo,372,0,0
1781196005195,429,Request to get the existing repository details,200,OK,Github API Performance Testing 1-71,text,true,,7908,217,17,17,https://api.github.com/repos/bharathtechacademy05/JmeterRepo,428,0,62
1781196005278,385,Request to get the existing repository details,200,OK,Github API Performance Testing 1-64,text,true,,7907,217,17,17,https://api.github.com/repos/bharathtechacademy05/JmeterRepo,385,0,0
1781196005303,395,Request to update the existing repository details,200,OK,Github API Performance Testing 1-59,text,true,,8099,304,18,18,https://api.github.com/repos/bharathtechacademy05/JmeterRepo,391,0,0
1781196005295,458,Request to get the existing repository details,200,OK,Github API Performance Testing 1-72,text,true,,7908,217,17,17,https://api.github.com/repos/bharathtechacademy05/JmeterRepo,455,0,64
1781196005361,393,Request to update the existing repository details,200,OK,Github API Performance Testing 1-60,text,true,,8098,304,17,17,https://api.github.com/repos/bharathtechacademy05/JmeterRepo,393,0,0
1781196005336,418,Request to update the existing repository details,200,OK,Github API Performance Testing 1-68,text,true,,8099,304,17,17,https://api.github.com/repos/bharathtechacademy05/JmeterRepo,418,0,0
1781196005418,366,Request to get the existing repository details,200,OK,Github API Performance Testing 1-65,text,true,,7908,217,16,16,https://api.github.com/repos/bharathtechacademy05/JmeterRepo,366,0,0
1781196005424,416,Request to update the existing repository details,200,OK,Github API Performance Testing 1-61,text,true,,8099,304,17,17,https://api.github.com/repos/bharathtechacademy05/JmeterRepo,416,0,0
1781196005405,440,Request to get the existing repository details,200,OK,Github API Performance Testing 1-73,text,true,,7908,217,16,16,https://api.github.com/repos/bharathtechacademy05/JmeterRepo,438,0,60
1781196005105,827,Request to get the existing repository details,200,OK,Github API Performance Testing 1-70,text,true,,7908,217,17,17,https://api.github.com/repos/bharathtechacademy05/JmeterRepo,826,0,63
1781196005558,375,Request to get the existing repository details,200,OK,Github API Performance Testing 1-62,text,true,,7907,217,17,17,https://api.github.com/repos/bharathtechacademy05/JmeterRepo,375,0,0
1781196005554,392,Request to update the existing repository details,200,OK,Github API Performance Testing 1-63,text,true,,8097,304,17,17,https://api.github.com/repos/bharathtechacademy05/JmeterRepo,392,0,0
1781196005525,427,Request to get the existing repository details,200,OK,Github API Performance Testing 1-66,text,true,,7908,217,16,16,https://api.github.com/repos/bharathtechacademy05/JmeterRepo,425,0,0
1781196005504,449,Request to get the existing repository details,200,OK,Github API Performance Testing 1-74,text,true,,7906,217,16,16,https://api.github.com/repos/bharathtechacademy05/JmeterRepo,448,0,69
1781196005600,374,Request to get the existing repository details,200,OK,Github API Performance Testing 1-67,text,true,,7908,217,16,16,https://api.github.com/repos/bharathtechacademy05/JmeterRepo,374,0,0
1781196005663,355,Request to update the existing repository details,200,OK,Github API Performance Testing 1-64,text,true,,8098,304,17,17,https://api.github.com/repos/bharathtechacademy05/JmeterRepo,355,0,0
1781196005594,441,Request to get the existing repository details,200,OK,Github API Performance Testing 1-75,text,true,,7907,217,16,16,https://api.github.com/repos/bharathtechacademy05/JmeterRepo,440,0,61
1781196005624,414,Request to update the existing repository details,200,OK,Github API Performance Testing 1-71,text,true,,8099,304,16,16,https://api.github.com/repos/bharathtechacademy05/JmeterRepo,413,0,0
1781196005754,366,Request to get the existing repository details,200,OK,Github API Performance Testing 1-68,text,true,,7908,217,17,17,https://api.github.com/repos/bharathtechacademy05/JmeterRepo,366,0,0
1781196005754,378,Request to update the existing repository details,200,OK,Github API Performance Testing 1-72,text,true,,8099,304,17,17,https://api.github.com/repos/bharathtechacademy05/JmeterRepo,378,0,0
1781196005694,461,Request to get the existing repository details,200,OK,Github API Performance Testing 1-76,text,true,,7908,217,17,17,https://api.github.com/repos/bharathtechacademy05/JmeterRepo,460,0,62
1781196005785,388,Request to update the existing repository details,200,OK,Github API Performance Testing 1-65,text,true,,8099,304,17,17,https://api.github.com/repos/bharathtechacademy05/JmeterRepo,387,0,0
1781196005423,751,Request to update the existing repository details,200,OK,Github API Performance Testing 1-69,text,true,,8099,304,16,16,https://api.github.com/repos/bharathtechacademy05/JmeterRepo,750,0,0
1781196005845,389,Request to update the existing repository details,200,OK,Github API Performance Testing 1-73,text,true,,8099,304,17,17,https://api.github.com/repos/bharathtechacademy05/JmeterRepo,389,0,0
1781196005804,498,Request to get the existing repository details,200,OK,Github API Performance Testing 1-77,text,true,,7908,217,17,17,https://api.github.com/repos/bharathtechacademy05/JmeterRepo,498,0,61
1781196005904,398,Request to get the existing repository details,200,OK,Github API Performance Testing 1-78,text,true,,7908,217,18,18,https://api.github.com/repos/bharathtechacademy05/JmeterRepo,398,0,62
1781196005933,392,Request to update the existing repository details,200,OK,Github API Performance Testing 1-62,text,true,,8098,304,18,18,https://api.github.com/repos/bharathtechacademy05/JmeterRepo,392,0,0
1781196005932,403,Request to update the existing repository details,200,OK,Github API Performance Testing 1-70,text,true,,8099,304,17,17,https://api.github.com/repos/bharathtechacademy05/JmeterRepo,402,0,0
1781196005952,388,Request to update the existing repository details,200,OK,Github API Performance Testing 1-66,text,true,,8099,304,17,17,https://api.github.com/repos/bharathtechacademy05/JmeterRepo,387,0,0
1781196005953,399,Request to update the existing repository details,200,OK,Github API Performance Testing 1-74,text,true,,8097,304,16,16,https://api.github.com/repos/bharathtechacademy05/JmeterRepo,399,0,0
1781196005975,407,Request to update the existing repository details,200,OK,Github API Performance Testing 1-67,text,true,,8099,304,16,16,https://api.github.com/repos/bharathtechacademy05/JmeterRepo,407,0,0
1781196006038,351,Request to get the existing repository details,200,OK,Github API Performance Testing 1-71,text,true,,7908,217,15,15,https://api.github.com/repos/bharathtechacademy05/JmeterRepo,350,0,0
1781196005994,414,Request to get the existing repository details,200,OK,Github API Performance Testing 1-79,text,true,,7907,217,16,16,https://api.github.com/repos/bharathtechacademy05/JmeterRepo,413,0,60
1781196006035,404,Request to update the existing repository details,200,OK,Github API Performance Testing 1-75,text,true,,8098,304,16,16,https://api.github.com/repos/bharathtechacademy05/JmeterRepo,404,0,0
1781196006133,350,Request to get the existing repository details,200,OK,Github API Performance Testing 1-72,text,true,,7908,217,16,16,https://api.github.com/repos/bharathtechacademy05/JmeterRepo,350,0,0
1781196006120,371,Request to update the existing repository details,200,OK,Github API Performance Testing 1-68,text,true,,8099,304,16,16,https://api.github.com/repos/bharathtechacademy05/JmeterRepo,371,0,0
1781196006094,413,Request to get the existing repository details,200,OK,Github API Performance Testing 1-80,text,true,,7908,217,16,16,https://api.github.com/repos/bharathtechacademy05/JmeterRepo,413,0,60
1781196006156,395,Request to update the existing repository details,200,OK,Github API Performance Testing 1-76,text,true,,8099,304,16,16,https://api.github.com/repos/bharathtechacademy05/JmeterRepo,395,0,0
1781196006174,398,Request to get the existing repository details,200,OK,Github API Performance Testing 1-69,text,true,,7908,217,16,16,https://api.github.com/repos/bharathtechacademy05/JmeterRepo,397,0,0
1781196006203,418,Request to get the existing repository details,200,OK,Github API Performance Testing 1-81,text,true,,7908,217,17,17,https://api.github.com/repos/bharathtechacademy05/JmeterRepo,418,0,60
1781196006234,449,Request to get the existing repository details,200,OK,Github API Performance Testing 1-73,text,true,,7908,217,17,17,https://api.github.com/repos/bharathtechacademy05/JmeterRepo,449,0,0
1781196006302,389,Request to update the existing repository details,200,OK,Github API Performance Testing 1-78,text,true,,8099,304,17,17,https://api.github.com/repos/bharathtechacademy05/JmeterRepo,388,0,0
1781196006353,352,Request to get the existing repository details,200,OK,Github API Performance Testing 1-74,text,true,,7906,217,18,18,https://api.github.com/repos/bharathtechacademy05/JmeterRepo,352,0,0
1781196006335,379,Request to get the existing repository details,200,OK,Github API Performance Testing 1-70,text,true,,7908,217,18,18,https://api.github.com/repos/bharathtechacademy05/JmeterRepo,379,0,0
1781196006303,422,Request to get the existing repository details,200,OK,Github API Performance Testing 1-82,text,true,,7908,217,18,18,https://api.github.com/repos/bharathtechacademy05/JmeterRepo,422,0,60
1781196006389,353,Request to update the existing repository details,200,OK,Github API Performance Testing 1-71,text,true,,8099,304,18,18,https://api.github.com/repos/bharathtechacademy05/JmeterRepo,353,0,0
1781196006302,452,Request to update the existing repository details,200,OK,Github API Performance Testing 1-77,text,true,,8099,304,17,17,https://api.github.com/repos/bharathtechacademy05/JmeterRepo,452,0,0
1781196006439,364,Request to get the existing repository details,200,OK,Github API Performance Testing 1-75,text,true,,7907,217,18,18,https://api.github.com/repos/bharathtechacademy05/JmeterRepo,364,0,0
1781196006408,411,Request to update the existing repository details,200,OK,Github API Performance Testing 1-79,text,true,,8098,304,18,18,https://api.github.com/repos/bharathtechacademy05/JmeterRepo,410,0,0
1781196006403,438,Request to get the existing repository details,200,OK,Github API Performance Testing 1-83,text,true,,7907,217,18,18,https://api.github.com/repos/bharathtechacademy05/JmeterRepo,438,0,60
1781196006483,387,Request to update the existing repository details,200,OK,Github API Performance Testing 1-72,text,true,,8099,304,18,18,https://api.github.com/repos/bharathtechacademy05/JmeterRepo,386,0,0
1781196006507,380,Request to update the existing repository details,200,OK,Github API Performance Testing 1-80,text,true,,8099,304,17,17,https://api.github.com/repos/bharathtechacademy05/JmeterRepo,380,0,0
1781196006503,426,Request to get the existing repository details,200,OK,Github API Performance Testing 1-84,text,true,,7908,217,18,18,https://api.github.com/repos/bharathtechacademy05/JmeterRepo,426,0,59
1781196006572,412,Request to update the existing repository details,200,OK,Github API Performance Testing 1-69,text,true,,8099,304,18,18,https://api.github.com/repos/bharathtechacademy05/JmeterRepo,412,0,0
1781196006621,405,Request to update the existing repository details,200,OK,Github API Performance Testing 1-81,text,true,,8099,304,18,18,https://api.github.com/repos/bharathtechacademy05/JmeterRepo,405,0,0
1781196006692,357,Request to get the existing repository details,200,OK,Github API Performance Testing 1-78,text,true,,7908,217,18,18,https://api.github.com/repos/bharathtechacademy05/JmeterRepo,357,0,0
1781196006683,375,Request to update the existing repository details,200,OK,Github API Performance Testing 1-73,text,true,,8099,304,18,18,https://api.github.com/repos/bharathtechacademy05/JmeterRepo,375,0,0
1781196006725,439,Request to update the existing repository details,200,OK,Github API Performance Testing 1-82,text,true,,8099,304,18,18,https://api.github.com/repos/bharathtechacademy05/JmeterRepo,438,0,0
1781196006754,410,Request to get the existing repository details,200,OK,Github API Performance Testing 1-77,text,true,,7908,217,18,18,https://api.github.com/repos/bharathtechacademy05/JmeterRepo,410,0,0
1781196006702,462,Request to get the existing repository details,200,OK,Github API Performance Testing 1-86,text,true,,7908,217,18,18,https://api.github.com/repos/bharathtechacademy05/JmeterRepo,462,0,61
1781196006714,461,Request to update the existing repository details,200,OK,Github API Performance Testing 1-70,text,true,,8099,304,18,18,https://api.github.com/repos/bharathtechacademy05/JmeterRepo,460,0,0
1781196006804,386,Request to update the existing repository details,200,OK,Github API Performance Testing 1-75,text,true,,8098,304,17,17,https://api.github.com/repos/bharathtechacademy05/JmeterRepo,385,0,0
1781196006819,371,Request to get the existing repository details,200,OK,Github API Performance Testing 1-79,text,true,,7907,217,17,17,https://api.github.com/repos/bharathtechacademy05/JmeterRepo,371,0,0
1781196006602,590,Request to get the existing repository details,200,OK,Github API Performance Testing 1-85,text,true,,7908,217,16,16,https://api.github.com/repos/bharathtechacademy05/JmeterRepo,590,0,62
1781196006841,365,Request to update the existing repository details,200,OK,Github API Performance Testing 1-83,text,true,,8098,304,17,17,https://api.github.com/repos/bharathtechacademy05/JmeterRepo,365,0,0
1781196006552,668,Request to get the existing repository details,200,OK,Github API Performance Testing 1-76,text,true,,7908,217,17,17,https://api.github.com/repos/bharathtechacademy05/JmeterRepo,660,0,0
1781196006802,430,Request to get the existing repository details,200,OK,Github API Performance Testing 1-87,text,true,,7908,217,17,17,https://api.github.com/repos/bharathtechacademy05/JmeterRepo,430,0,69
1781196006887,383,Request to get the existing repository details,200,OK,Github API Performance Testing 1-80,text,true,,7908,217,17,17,https://api.github.com/repos/bharathtechacademy05/JmeterRepo,382,0,0
1781196006706,565,Request to update the existing repository details,200,OK,Github API Performance Testing 1-74,text,true,,8097,304,17,17,https://api.github.com/repos/bharathtechacademy05/JmeterRepo,565,0,0
1781196006902,434,Request to get the existing repository details,200,OK,Github API Performance Testing 1-88,text,true,,7907,217,17,17,https://api.github.com/repos/bharathtechacademy05/JmeterRepo,432,0,61
1781196007026,347,Request to get the existing repository details,200,OK,Github API Performance Testing 1-81,text,true,,7908,217,17,17,https://api.github.com/repos/bharathtechacademy05/JmeterRepo,347,0,0
1781196006930,480,Request to update the existing repository details,200,OK,Github API Performance Testing 1-84,text,true,,8099,304,18,18,https://api.github.com/repos/bharathtechacademy05/JmeterRepo,480,0,0
1781196007049,403,Request to update the existing repository details,200,OK,Github API Performance Testing 1-78,text,true,,8099,304,18,18,https://api.github.com/repos/bharathtechacademy05/JmeterRepo,403,0,0
1781196007004,522,Request to get the existing repository details,200,OK,Github API Performance Testing 1-89,text,true,,7908,217,18,18,https://api.github.com/repos/bharathtechacademy05/JmeterRepo,522,0,162
1781196007164,371,Request to update the existing repository details,200,OK,Github API Performance Testing 1-77,text,true,,8099,304,18,18,https://api.github.com/repos/bharathtechacademy05/JmeterRepo,370,0,0
1781196007102,435,Request to get the existing repository details,200,OK,Github API Performance Testing 1-90,text,true,,7907,217,17,17,https://api.github.com/repos/bharathtechacademy05/JmeterRepo,435,0,92
1781196007164,385,Request to get the existing repository details,200,OK,Github API Performance Testing 1-82,text,true,,7908,217,17,17,https://api.github.com/repos/bharathtechacademy05/JmeterRepo,384,0,0
1781196007164,405,Request to update the existing repository details,200,OK,Github API Performance Testing 1-86,text,true,,8099,304,17,17,https://api.github.com/repos/bharathtechacademy05/JmeterRepo,405,0,0
1781196007206,366,Request to get the existing repository details,200,OK,Github API Performance Testing 1-83,text,true,,7907,217,17,17,https://api.github.com/repos/bharathtechacademy05/JmeterRepo,366,0,0
1781196007192,394,Request to update the existing repository details,200,OK,Github API Performance Testing 1-85,text,true,,8099,304,17,17,https://api.github.com/repos/bharathtechacademy05/JmeterRepo,394,0,0
1781196007190,413,Request to update the existing repository details,200,OK,Github API Performance Testing 1-79,text,true,,8098,304,18,18,https://api.github.com/repos/bharathtechacademy05/JmeterRepo,413,0,0
1781196007221,397,Request to update the existing repository details,200,OK,Github API Performance Testing 1-76,text,true,,8099,304,17,17,https://api.github.com/repos/bharathtechacademy05/JmeterRepo,397,0,0
1781196007202,437,Request to get the existing repository details,200,OK,Github API Performance Testing 1-91,text,true,,7908,217,16,16,https://api.github.com/repos/bharathtechacademy05/JmeterRepo,437,0,64
1781196007302,405,Request to get the existing repository details,200,OK,Github API Performance Testing 1-92,text,true,,7907,217,17,17,https://api.github.com/repos/bharathtechacademy05/JmeterRepo,405,0,62
1781196007373,363,Request to update the existing repository details,200,OK,Github API Performance Testing 1-81,text,true,,8099,304,17,17,https://api.github.com/repos/bharathtechacademy05/JmeterRepo,363,0,0
1781196007336,430,Request to update the existing repository details,200,OK,Github API Performance Testing 1-88,text,true,,8098,304,16,16,https://api.github.com/repos/bharathtechacademy05/JmeterRepo,430,0,0
1781196007232,537,Request to update the existing repository details,200,OK,Github API Performance Testing 1-87,text,true,,8099,304,16,16,https://api.github.com/repos/bharathtechacademy05/JmeterRepo,537,0,0
1781196007411,361,Request to get the existing repository details,200,OK,Github API Performance Testing 1-84,text,true,,7908,217,16,16,https://api.github.com/repos/bharathtechacademy05/JmeterRepo,359,0,0
1781196007271,538,Request to update the existing repository details,200,OK,Github API Performance Testing 1-80,text,true,,8099,304,17,17,https://api.github.com/repos/bharathtechacademy05/JmeterRepo,538,0,0
1781196007402,417,Request to get the existing repository details,200,OK,Github API Performance Testing 1-93,text,true,,7908,217,16,16,https://api.github.com/repos/bharathtechacademy05/JmeterRepo,416,0,61
1781196007537,361,Request to update the existing repository details,200,OK,Github API Performance Testing 1-90,text,true,,8098,304,17,17,https://api.github.com/repos/bharathtechacademy05/JmeterRepo,361,0,0
1781196007501,428,Request to get the existing repository details,200,OK,Github API Performance Testing 1-94,text,true,,7908,217,17,17,https://api.github.com/repos/bharathtechacademy05/JmeterRepo,428,0,63
1781196007550,383,Request to update the existing repository details,200,OK,Github API Performance Testing 1-82,text,true,,8099,304,17,17,https://api.github.com/repos/bharathtechacademy05/JmeterRepo,383,0,0
1781196007569,380,Request to get the existing repository details,200,OK,Github API Performance Testing 1-86,text,true,,7908,217,16,16,https://api.github.com/repos/bharathtechacademy05/JmeterRepo,379,0,0
1781196007586,370,Request to get the existing repository details,200,OK,Github API Performance Testing 1-85,text,true,,7908,217,16,16,https://api.github.com/repos/bharathtechacademy05/JmeterRepo,370,0,0
1781196007526,444,Request to update the existing repository details,200,OK,Github API Performance Testing 1-89,text,true,,8099,304,16,16,https://api.github.com/repos/bharathtechacademy05/JmeterRepo,443,0,0
1781196007572,412,Request to update the existing repository details,200,OK,Github API Performance Testing 1-83,text,true,,8098,304,16,16,https://api.github.com/repos/bharathtechacademy05/JmeterRepo,412,0,0
1781196007594,446,Request to get the existing repository details,200,OK,Github API Performance Testing 1-95,text,true,,7907,217,16,16,https://api.github.com/repos/bharathtechacademy05/JmeterRepo,446,0,61
1781196007640,449,Request to update the existing repository details,200,OK,Github API Performance Testing 1-91,text,true,,8099,304,16,16,https://api.github.com/repos/bharathtechacademy05/JmeterRepo,449,0,0
1781196007707,386,Request to update the existing repository details,200,OK,Github API Performance Testing 1-92,text,true,,8098,304,17,17,https://api.github.com/repos/bharathtechacademy05/JmeterRepo,386,0,0
1781196007770,353,Request to get the existing repository details,200,OK,Github API Performance Testing 1-87,text,true,,7908,217,17,17,https://api.github.com/repos/bharathtechacademy05/JmeterRepo,353,0,0
1781196007698,436,Request to get the existing repository details,200,OK,Github API Performance Testing 1-96,text,true,,7907,217,17,17,https://api.github.com/repos/bharathtechacademy05/JmeterRepo,435,0,60
1781196007766,392,Request to get the existing repository details,200,OK,Github API Performance Testing 1-88,text,true,,7907,217,17,17,https://api.github.com/repos/bharathtechacademy05/JmeterRepo,391,0,0
1781196007773,405,Request to update the existing repository details,200,OK,Github API Performance Testing 1-84,text,true,,8099,304,17,17,https://api.github.com/repos/bharathtechacademy05/JmeterRepo,405,0,0
1781196007929,375,Request to update the existing repository details,200,OK,Github API Performance Testing 1-94,text,true,,8099,304,16,16,https://api.github.com/repos/bharathtechacademy05/JmeterRepo,375,0,0
1781196007949,359,Request to update the existing repository details,200,OK,Github API Performance Testing 1-86,text,true,,8099,304,16,16,https://api.github.com/repos/bharathtechacademy05/JmeterRepo,359,0,0
1781196007898,423,Request to get the existing repository details,200,OK,Github API Performance Testing 1-98,text,true,,7908,217,15,15,https://api.github.com/repos/bharathtechacademy05/JmeterRepo,423,0,59
1781196007799,528,Request to get the existing repository details,200,OK,Github API Performance Testing 1-97,text,true,,7908,217,15,15,https://api.github.com/repos/bharathtechacademy05/JmeterRepo,528,0,65
1781196007899,433,Request to get the existing repository details,200,OK,Github API Performance Testing 1-90,text,true,,7907,217,15,15,https://api.github.com/repos/bharathtechacademy05/JmeterRepo,432,0,0
1781196007970,381,Request to get the existing repository details,200,OK,Github API Performance Testing 1-89,text,true,,7908,217,15,15,https://api.github.com/repos/bharathtechacademy05/JmeterRepo,381,0,0
1781196007957,411,Request to update the existing repository details,200,OK,Github API Performance Testing 1-85,text,true,,8099,304,15,15,https://api.github.com/repos/bharathtechacademy05/JmeterRepo,411,0,0
1781196007819,577,Request to update the existing repository details,200,OK,Github API Performance Testing 1-93,text,true,,8099,304,14,14,https://api.github.com/repos/bharathtechacademy05/JmeterRepo,577,0,0
1781196008041,374,Request to update the existing repository details,200,OK,Github API Performance Testing 1-95,text,true,,8098,304,14,14,https://api.github.com/repos/bharathtechacademy05/JmeterRepo,373,0,0
1781196008090,363,Request to get the existing repository details,200,OK,Github API Performance Testing 1-91,text,true,,7908,217,14,14,https://api.github.com/repos/bharathtechacademy05/JmeterRepo,360,0,0
1781196008093,368,Request to get the existing repository details,200,OK,Github API Performance Testing 1-92,text,true,,7907,217,14,14,https://api.github.com/repos/bharathtechacademy05/JmeterRepo,368,0,0
1781196008124,374,Request to update the existing repository details,200,OK,Github API Performance Testing 1-87,text,true,,8099,304,14,14,https://api.github.com/repos/bharathtechacademy05/JmeterRepo,374,0,0
1781196008093,422,Request to get the existing repository details,200,OK,Github API Performance Testing 1-100,text,true,,7908,217,13,13,https://api.github.com/repos/bharathtechacademy05/JmeterRepo,420,0,61
1781196008158,385,Request to update the existing repository details,200,OK,Github API Performance Testing 1-88,text,true,,8098,304,13,13,https://api.github.com/repos/bharathtechacademy05/JmeterRepo,385,0,0
1781196007993,577,Request to get the existing repository details,200,OK,Github API Performance Testing 1-99,text,true,,7908,217,12,12,https://api.github.com/repos/bharathtechacademy05/JmeterRepo,576,0,60
1781196008134,467,Request to update the existing repository details,200,OK,Github API Performance Testing 1-96,text,true,,8098,304,12,12,https://api.github.com/repos/bharathtechacademy05/JmeterRepo,467,0,0
1781196008304,372,Request to get the existing repository details,200,OK,Github API Performance Testing 1-94,text,true,,7908,217,12,12,https://api.github.com/repos/bharathtechacademy05/JmeterRepo,372,0,0
1781196008320,389,Request to update the existing repository details,200,OK,Github API Performance Testing 1-98,text,true,,8099,304,12,12,https://api.github.com/repos/bharathtechacademy05/JmeterRepo,388,0,0
1781196008327,400,Request to update the existing repository details,200,OK,Github API Performance Testing 1-97,text,true,,8099,304,12,12,https://api.github.com/repos/bharathtechacademy05/JmeterRepo,399,0,0
1781196008351,376,Request to update the existing repository details,200,OK,Github API Performance Testing 1-89,text,true,,8099,304,12,12,https://api.github.com/repos/bharathtechacademy05/JmeterRepo,376,0,0
1781196008414,340,Request to get the existing repository details,200,OK,Github API Performance Testing 1-95,text,true,,7907,217,11,11,https://api.github.com/repos/bharathtechacademy05/JmeterRepo,340,0,0
1781196008331,429,Request to update the existing repository details,200,OK,Github API Performance Testing 1-90,text,true,,8098,304,11,11,https://api.github.com/repos/bharathtechacademy05/JmeterRepo,429,0,0
1781196008395,416,Request to get the existing repository details,200,OK,Github API Performance Testing 1-93,text,true,,7908,217,10,10,https://api.github.com/repos/bharathtechacademy05/JmeterRepo,416,0,0
1781196008460,381,Request to update the existing repository details,200,OK,Github API Performance Testing 1-92,text,true,,8098,304,10,10,https://api.github.com/repos/bharathtechacademy05/JmeterRepo,381,0,0
1781196008453,427,Request to update the existing repository details,200,OK,Github API Performance Testing 1-91,text,true,,8099,304,9,9,https://api.github.com/repos/bharathtechacademy05/JmeterRepo,427,0,0
1781196008569,376,Request to update the existing repository details,200,OK,Github API Performance Testing 1-99,text,true,,8099,304,8,8,https://api.github.com/repos/bharathtechacademy05/JmeterRepo,376,0,0
1781196008514,444,Request to update the existing repository details,200,OK,Github API Performance Testing 1-100,text,true,,8099,304,8,8,https://api.github.com/repos/bharathtechacademy05/JmeterRepo,443,0,0
1781196008600,417,Request to get the existing repository details,200,OK,Github API Performance Testing 1-96,text,true,,7907,217,8,8,https://api.github.com/repos/bharathtechacademy05/JmeterRepo,417,0,0
1781196008676,388,Request to update the existing repository details,200,OK,Github API Performance Testing 1-94,text,true,,8099,304,8,8,https://api.github.com/repos/bharathtechacademy05/JmeterRepo,388,0,0
1781196008727,357,Request to get the existing repository details,200,OK,Github API Performance Testing 1-97,text,true,,7908,217,7,7,https://api.github.com/repos/bharathtechacademy05/JmeterRepo,357,0,0
1781196008709,388,Request to get the existing repository details,200,OK,Github API Performance Testing 1-98,text,true,,7908,217,7,7,https://api.github.com/repos/bharathtechacademy05/JmeterRepo,388,0,0
1781196008754,374,Request to update the existing repository details,200,OK,Github API Performance Testing 1-95,text,true,,8098,304,7,7,https://api.github.com/repos/bharathtechacademy05/JmeterRepo,373,0,0
1781196008811,409,Request to update the existing repository details,200,OK,Github API Performance Testing 1-93,text,true,,8099,304,6,6,https://api.github.com/repos/bharathtechacademy05/JmeterRepo,409,0,0
1781196008945,395,Request to get the existing repository details,200,OK,Github API Performance Testing 1-99,text,true,,7908,217,5,5,https://api.github.com/repos/bharathtechacademy05/JmeterRepo,395,0,0
1781196008958,383,Request to get the existing repository details,200,OK,Github API Performance Testing 1-100,text,true,,7908,217,5,5,https://api.github.com/repos/bharathtechacademy05/JmeterRepo,383,0,0
1781196009097,473,Request to update the existing repository details,200,OK,Github API Performance Testing 1-98,text,true,,8099,304,5,5,https://api.github.com/repos/bharathtechacademy05/JmeterRepo,473,0,0
1781196009084,486,Request to update the existing repository details,200,OK,Github API Performance Testing 1-97,text,true,,8099,304,5,5,https://api.github.com/repos/bharathtechacademy05/JmeterRepo,486,0,0
1781196009017,581,Request to update the existing repository details,200,OK,Github API Performance Testing 1-96,text,true,,8098,304,3,3,https://api.github.com/repos/bharathtechacademy05/JmeterRepo,581,0,0
1781196009341,408,Request to update the existing repository details,200,OK,Github API Performance Testing 1-100,text,true,,8099,304,2,2,https://api.github.com/repos/bharathtechacademy05/JmeterRepo,407,0,0
1781196009340,415,Request to update the existing repository details,200,OK,Github API Performance Testing 1-99,text,true,,8099,304,1,1,https://api.github.com/repos/bharathtechacademy05/JmeterRepo,414,0,0
